{"posX":13.079999923706055,"posY":0.07000000029802323,"posZ":58.279998779296878,"generationTime":10.0,"timeToReachPlayer":13.141779899597168,"arrivalAreaIndex":6,"objectType":"Break","movingType":"Straight","objectNum":0,"movingSpeed":0.0,"totalJumpNumberOfTimes":10}