{"posX":13.079999923706055,"posY":0.07000000029802323,"posZ":58.279998779296878,"generationTime":5.0,"timeToReachPlayer":10.65192985534668,"arrivalAreaIndex":5,"objectType":"Break","movingType":"Straight","objectNum":1,"movingSpeed":0.0,"totalJumpNumberOfTimes":10}