{"posX":-18.15999984741211,"posY":0.07000000029802323,"posZ":58.279998779296878,"generationTime":5.0,"timeToReachPlayer":6.733419895172119,"arrivalAreaIndex":5,"objectType":"Rip","movingType":"Jump","objectNum":0,"movingSpeed":0.0,"totalJumpNumberOfTimes":10}