{"posX":13.079999923706055,"posY":0.07000000029802323,"posZ":58.279998779296878,"generationTime":20.0,"timeToReachPlayer":16.604259490966798,"arrivalAreaIndex":2,"objectType":"Rip","movingType":"Jump","objectNum":1,"movingSpeed":0.0,"totalJumpNumberOfTimes":10}