{"posX":3.4000000953674318,"posY":0.07000000029802323,"posZ":58.279998779296878,"generationTime":0.0,"timeToReachPlayer":5.154130935668945,"arrivalAreaIndex":4,"objectType":"Break","movingType":"Straight","objectNum":2,"movingSpeed":0.0,"totalJumpNumberOfTimes":10}