{"posX":13.079999923706055,"posY":0.07000000029802323,"posZ":58.279998779296878,"generationTime":0.0,"timeToReachPlayer":3.817729949951172,"arrivalAreaIndex":6,"objectType":"Break","movingType":"Straight","objectNum":1,"movingSpeed":0.0,"totalJumpNumberOfTimes":10}