{"posX":3.4000000953674318,"posY":0.07000000029802323,"posZ":58.279998779296878,"generationTime":1.0,"timeToReachPlayer":5.824716091156006,"arrivalAreaIndex":2,"objectType":"Rip","movingType":"Straight","objectNum":0,"movingSpeed":0.0,"totalJumpNumberOfTimes":10}