{"posX":1.6100000143051148,"posY":4.769999980926514,"posZ":19.110000610351564,"generationTime":4.0,"movingSpeed":3.0,"objectType":"Break","movingType":"Straight","objectNum":0}