{"posX":-1.659999966621399,"posY":4.769999980926514,"posZ":19.110000610351564,"generationTime":6.0,"movingSpeed":3.0,"objectType":"Break","movingType":"Straight","objectNum":0}