{"posX":-9.260000228881836,"posY":0.07000000029802323,"posZ":58.279998779296878,"generationTime":1.0,"timeToReachPlayer":6.242321014404297,"arrivalAreaIndex":5,"objectType":"Break","movingType":"Jump","objectNum":0,"movingSpeed":0.0,"totalJumpNumberOfTimes":10}