{"posX":13.079999923706055,"posY":0.07000000029802323,"posZ":58.279998779296878,"generationTime":15.0,"timeToReachPlayer":14.894220352172852,"arrivalAreaIndex":5,"objectType":"Break","movingType":"Jump","objectNum":2,"movingSpeed":1.0,"totalJumpNumberOfTimes":10}