{"posX":-0.019999999552965165,"posY":4.769999980926514,"posZ":19.110000610351564,"generationTime":3.0,"movingSpeed":3.0,"objectType":"Rip","movingType":"Straight","objectNum":0}