{"posX":13.079999923706055,"posY":0.07000000029802323,"posZ":58.279998779296878,"generationTime":5.0,"timeToReachPlayer":8.076290130615235,"arrivalAreaIndex":1,"objectType":"Break","movingType":"Jump","objectNum":0,"movingSpeed":0.0,"totalJumpNumberOfTimes":10}