{"posX":-18.15999984741211,"posY":0.07000000029802323,"posZ":58.279998779296878,"generationTime":1.0,"timeToReachPlayer":7.871519088745117,"arrivalAreaIndex":5,"objectType":"Break","movingType":"Jump","objectNum":1,"movingSpeed":0.0,"totalJumpNumberOfTimes":10}