{"posX":13.079999923706055,"posY":0.07000000029802323,"posZ":58.279998779296878,"generationTime":10.0,"timeToReachPlayer":14.85396957397461,"arrivalAreaIndex":6,"objectType":"Break","movingType":"Straight","objectNum":2,"movingSpeed":0.0,"totalJumpNumberOfTimes":10}