{"posX":13.079999923706055,"posY":0.07000000029802323,"posZ":58.279998779296878,"generationTime":10.0,"timeToReachPlayer":11.484749794006348,"arrivalAreaIndex":4,"objectType":"Break","movingType":"Straight","objectNum":2,"movingSpeed":0.0,"totalJumpNumberOfTimes":10}